QMVSKO1054503,Perftest1,UATTest@890!,PGB2875790444Z
QMGFNH1180281,Perftest201,UATTest@890!,PGX9512357878H
QMHXFU1022277,Perftest202,UATTest@890!,POC4625387740G
QMQZMW1710795,Perftest203,UATTest@890!,PPH8485751477Q
QMDZBI1186956,Perftest204,UATTest@890!,PTQ0563733878B
QMPKRZ1577347,Perftest205,UATTest@890!,PVP0707328730I
QMBOJA1138006,Perftest206,UATTest@890!,PHD3103246728A
QMTEOX1069975,Perftest207,UATTest@890!,PKH1778237380U
QMBBIE1324967,Perftest208,UATTest@890!,PXV6490721498M
QMZOTY1483911,Perftest209,UATTest@890!,PEY6689293538O
QMSPBD1750624,Perftest210,UATTest@890!,PFT9921208137A
QMHTRH1595466,Perftest211,UATTest@890!,PBQ0878549587J
QMFESY1323396,Perftest212,UATTest@890!,PUW3768031079D
QMNQKK1535735,Perftest213,UATTest@890!,PLX3242636988M
QMOFWA1772374,Perftest214,UATTest@890!,PCP1774441511B
QMWOAW1925854,Perftest215,UATTest@890!,PUV5798735581D
QMWFCC1789335,Perftest216,UATTest@890!,PSD0765315552D
QMGSEF1407679,Perftest217,UATTest@890!,PMO4078984657K
QMIYPD1775746,Perftest218,UATTest@890!,PIG4358736646Z
QMXCVH1729115,Perftest219,UATTest@890!,PNY8315884440Q
QMGPBS1176884,Perftest220,UATTest@890!,PQE3116925698E
QMNIZX1521910,Perftest221,UATTest@890!,PBP7191119402C
QMHNRT1038445,Perftest222,UATTest@890!,PLM2755306807L
QMFIMA1172779,Perftest223,UATTest@890!,PSN2100692917A
QMPTYM1514204,Perftest224,UATTest@890!,PCO7077656896Y
QMZMSR1950946,Perftest225,UATTest@890!,PDC7749588804H
QMXYYK1132811,Perftest226,UATTest@890!,PDV4012849810X
QMWUEI1518481,Perftest227,UATTest@890!,PWJ9031646341P
QMLFDN1889463,Perftest228,UATTest@890!,PEA0301082281J
QMCXOV1397163,Perftest229,UATTest@890!,PGL8708949619T
QMBTMK1329089,Perftest230,UATTest@890!,PVB6087524143J
QMORZR1759854,Perftest231,UATTest@890!,PEP5437274031D
QMFBWT1051593,Perftest232,UATTest@890!,PKE8482605876Y
QMBVMH1981868,Perftest233,UATTest@890!,PBE2463449566Z
QMQGQC1386689,Perftest234,UATTest@890!,PRM2874001100S
QMQUDQ1941348,Perftest235,UATTest@890!,PUF1007614132Q
QMJMBH1347523,Perftest236,UATTest@890!,PGC0193218093F
QMIEAJ1306147,Perftest237,UATTest@890!,PFJ7058038190I
QMRXDN1341214,Perftest238,UATTest@890!,PQM7273203287F
QMRAEI1404101,Perftest239,UATTest@890!,PTG0534813241B
QMSOID1197440,Perftest240,UATTest@890!,PEV7521092519K
QMNCKZ1147738,Perftest241,UATTest@890!,PPG6735566044T
QMLQSJ1758572,Perftest242,UATTest@890!,PME3452610683V
QMIVZO1557365,Perftest243,UATTest@890!,PDH9074770311I
QMKOTS1681358,Perftest244,UATTest@890!,PSU5279436193Z
QMSMSS1118148,Perftest245,UATTest@890!,PDC8624684466Z
QMBGYX1848081,Perftest246,UATTest@890!,PTF6839650870R
QMUGVY1433211,Perftest247,UATTest@890!,PLR2495388378F
QMNQAW1509412,Perftest248,UATTest@890!,PXB0403342703S
QMFYMX1180121,Perftest249,UATTest@890!,PKG6202679101N
QMITUI1469254,Perftest250,UATTest@890!,PTO8491475088H
QMMJRO1743883,Perftest251,UATTest@890!,PNS7538036477J
QMLBUK1391293,Perftest252,UATTest@890!,PBH5483295275N
QMIGUP1998912,Perftest253,UATTest@890!,POK7528053346O
QMZRPT1825689,Perftest254,UATTest@890!,PYP5974009854Z
QMUAGR1566273,Perftest255,UATTest@890!,PAM1350512134S
QMDRAH1109339,Perftest256,UATTest@890!,PLE8924469867B
QMTKPL1765536,Perftest257,UATTest@890!,PMH2494620292U
QMWWBL1866242,Perftest258,UATTest@890!,PBA5668722919H
QMMFEK1000710,Perftest259,UATTest@890!,PHE2359037147O
QMEGGQ1494553,Perftest260,UATTest@890!,PJJ0321769580Q
QMJHUG1401549,Perftest261,UATTest@890!,PMO5319830115Z
QMJFGV1604302,Perftest262,UATTest@890!,PUU3317062513P
QMDIIP1478329,Perftest263,UATTest@890!,PKO2480847796V
QMIZTV1273716,Perftest264,UATTest@890!,PTB7600314093E
QMLEWF1083824,Perftest265,UATTest@890!,PHN9418993795Z
QMORCX1727123,Perftest266,UATTest@890!,PRF0383861171V
QMRNDX1225936,Perftest267,UATTest@890!,PHA1336813552K
QMBZEO1531760,Perftest268,UATTest@890!,PEI9131810746B
QMDMXX1919034,Perftest269,UATTest@890!,PVK9263810093B
QMLNKT1899964,Perftest270,UATTest@890!,POC6552925679S
QMCCIL1429064,Perftest271,UATTest@890!,PGL5190560556F
QMSMHX1988995,Perftest272,UATTest@890!,PCV8701910852K
QMPFCR1280097,Perftest273,UATTest@890!,PAY0217532094G
QMAMXE1917750,Perftest274,UATTest@890!,PCX2959046124C
QMYPBN1556654,Perftest275,UATTest@890!,PME7898426233T
QMGVXD1008173,Perftest276,UATTest@890!,PNW8245903101A
QMRNNE1105691,Perftest277,UATTest@890!,PBM3044993061W
QMXIJA1164776,Perftest278,UATTest@890!,PEI8728552353N
QMFDCP1355104,Perftest279,UATTest@890!,PYZ5766828069X
QMGNXK1781343,Perftest280,UATTest@890!,PQY4275328283W
QMCLOB1733769,Perftest281,UATTest@890!,PQN4449564211A
QMCIUV1671589,Perftest282,UATTest@890!,PQZ4423155175X
QMFMHF1951284,Perftest283,UATTest@890!,PSL0070435176W
QMFGRU1467923,Perftest284,UATTest@890!,PCG9969227689A
QMBNKR1362052,Perftest285,UATTest@890!,PHW0703091884I
QMEDEU1881817,Perftest286,UATTest@890!,PHM5226046169U
QMIPUO1019745,Perftest287,UATTest@890!,PHC5941076756K
QMKGZG1901792,Perftest288,UATTest@890!,PCZ5142439603X
QMQBDW1654274,Perftest289,UATTest@890!,PZP3246441330T
QMKQQB1632420,Perftest290,UATTest@890!,POO7474237957D
QMCKSH1423006,Perftest291,UATTest@890!,PUQ0502472883R
QMBIMO1016779,Perftest292,UATTest@890!,PHS0796222691G
QMKKJI1322183,Perftest293,UATTest@890!,PUX6398388946F
QMNWPH1844491,Perftest294,UATTest@890!,PCW5422310227S
QMFQIP1523135,Perftest295,UATTest@890!,PJK0039426961Y
QMKCSR1724031,Perftest296,UATTest@890!,PMV3607021347A
QMVLEM1298914,Perftest297,UATTest@890!,PHN0370084970P
QMBEOD1214683,Perftest298,UATTest@890!,PKW1125629837W
QMEASR1182778,Perftest299,UATTest@890!,PUM4791834965H
QMTVCO1001812,Perftest300,UATTest@890!,PHM3665984469Q
QMIFQE1376183,Perftest301,UATTest@890!,PYR2656843600Z
QMQEKB1702718,Perftest302,UATTest@890!,PEQ3504787278V
QMRJPT1171473,Perftest303,UATTest@890!,PWC6341484294S
QMSHQY1632484,Perftest304,UATTest@890!,PPM1041658528T
QMGYSI1717862,Perftest305,UATTest@890!,PSM2750936706I
QMXMZZ1521753,Perftest306,UATTest@890!,PDB9091907378C
QMRBCF1161632,Perftest307,UATTest@890!,PIS4068420242A
QMZQWM1554896,Perftest308,UATTest@890!,PRQ1221800802N
QMRJVE1234213,Perftest309,UATTest@890!,PKL2411154184S
QMNXBW1939395,Perftest310,UATTest@890!,PZO0243616632L
QMDLCK1160103,Perftest311,UATTest@890!,PVN3517418423B
QMZTZI1154432,Perftest312,UATTest@890!,PMG7100535270K
QMWUCT1938918,Perftest313,UATTest@890!,PJR4801851805Y
QMPKVK1102767,Perftest314,UATTest@890!,PCU9624402586M
QMNSXE1001211,Perftest315,UATTest@890!,PLK5407086021P
QMMBNF1445754,Perftest316,UATTest@890!,PMZ5607979923O
QMRWQJ1289016,Perftest317,UATTest@890!,PFS7348275397J
QMYZRC1326654,Perftest318,UATTest@890!,PBG6818018352H
QMXMCP1618537,Perftest319,UATTest@890!,PEV2807312214Y
QMXZNU1807912,Perftest320,UATTest@890!,PON5450903164Q
QMWSWU1422370,Perftest321,UATTest@890!,PVM6494358236X
QMELHZ1683871,Perftest322,UATTest@890!,PLB2759908675W
QMCNBU1186539,Perftest323,UATTest@890!,PLL8100307712A
QMCTWA1503665,Perftest324,UATTest@890!,PJL6497270366M
QMFSCF1679602,Perftest325,UATTest@890!,PIG8096967009U
QMPZIE1713221,Perftest326,UATTest@890!,PGF8661380082J
QMYXAG1177297,Perftest327,UATTest@890!,PMJ7774365621E
QMQBNG1547605,Perftest328,UATTest@890!,PRA8923007830J
QMXUWX1749239,Perftest329,UATTest@890!,PCR7720503514C
QMNAYU1676550,Perftest330,UATTest@890!,PSU3858810736X
QMCRGG1693408,Perftest331,UATTest@890!,PQZ3194458868Z
QMTFQD1927167,Perftest332,UATTest@890!,PKB8829424165Q
QMBMTT1173237,Perftest333,UATTest@890!,PPF2801620794B
QMERWZ1840499,Perftest334,UATTest@890!,PQX1299472600N
QMROVQ1274293,Perftest335,UATTest@890!,POE0947821835Z
QMGWWA1172751,Perftest336,UATTest@890!,POC9529209593G
QMPIEE1215265,Perftest337,UATTest@890!,PUJ1652546039G
QMQNPX1664079,Perftest338,UATTest@890!,PGH9093409910N
QMUINH1961763,Perftest339,UATTest@890!,PAI1568772505O
QMBQDE1256247,Perftest340,UATTest@890!,PJG6483726148D
QMSJNG1533439,Perftest341,UATTest@890!,PIR3672266385A
QMCLWH1083265,Perftest342,UATTest@890!,PGQ7461650025F
QMNZTU1310777,Perftest343,UATTest@890!,PAR1049191160A
QMHGVW1958874,Perftest344,UATTest@890!,PWA1013504369K
QMXAHP1188180,Perftest345,UATTest@890!,PAN2932920117U
QMGMRY1950801,Perftest346,UATTest@890!,PWL3419480072W
QMXDQU1976946,Perftest347,UATTest@890!,PNI1585022059H
QMOTUP1470641,Perftest348,UATTest@890!,PCB9954209977A
QMUKZV1989470,Perftest349,UATTest@890!,PYW1136862341C
QMDSPB1334623,Perftest350,UATTest@890!,PSW2764193470Y
QMPMPU1467358,Perftest351,UATTest@890!,PEA9189192773N
QMFXIY1147747,Perftest352,UATTest@890!,PJE8565182362U
QMXEUF1188224,Perftest353,UATTest@890!,PFW9211278593N
QMMCQJ1083614,Perftest354,UATTest@890!,PUO0221600259N
QMVZLG1299749,Perftest355,UATTest@890!,PHV7648916353G
QMJISW1001721,Perftest356,UATTest@890!,PUC5023281518D
QMHQPA1880501,Perftest357,UATTest@890!,PBN4213033528O
QMDSTN1647118,Perftest358,UATTest@890!,PYW9389240615J
QMDMCI1047792,Perftest359,UATTest@890!,PLW6999947827S
QMMWRC1530151,Perftest360,UATTest@890!,PBO9901865366H
QMBUNL1049794,Perftest361,UATTest@890!,PWK1855713348B
QMTCSS1560021,Perftest362,UATTest@890!,PSP7098669672L
QMZGZA1895631,Perftest363,UATTest@890!,PBG1880690569W
QMYKJB1853117,Perftest364,UATTest@890!,PWZ0941448739A
QMYJMX1364082,Perftest365,UATTest@890!,PPP9233981534R
QMNHXT1915930,Perftest366,UATTest@890!,PRQ9753470740X
QMWWVP1432293,Perftest367,UATTest@890!,PTV4342841399I
QMJLZT1950192,Perftest368,UATTest@890!,PST9898462307K
QMEPMU1962938,Perftest369,UATTest@890!,PML2285443698N
QMWUYR1169754,Perftest370,UATTest@890!,PXQ5293338990H
QMKBDY1705399,Perftest371,UATTest@890!,PPR3727823173O
QMWEKK1808811,Perftest372,UATTest@890!,PZQ6569261449Z
QMNKQB1214346,Perftest373,UATTest@890!,PKX4654492131O
QMIYLN1787143,Perftest374,UATTest@890!,PTO0527911164K
QMCCSH1099129,Perftest375,UATTest@890!,PZG4168663824K
QMOEOK1181657,Perftest376,UATTest@890!,PZY5880126506L
QMNXKA1525813,Perftest377,UATTest@890!,PAK1171191702Q
QMLSPU1850209,Perftest378,UATTest@890!,PUG2941986152U
QMDWPE1679540,Perftest379,UATTest@890!,PKH9786647523I
QMFANK1910919,Perftest380,UATTest@890!,PCB2638483935R
QMKKHC1257296,Perftest381,UATTest@890!,PBN5060795050S
QMNAYK1839161,Perftest382,UATTest@890!,PCB0817703706T
QMIXVV1246192,Perftest383,UATTest@890!,PQM7600783443W
QMPSDX1042431,Perftest384,UATTest@890!,PKN5941225903J
QMSZEB1416908,Perftest385,UATTest@890!,PWS9331244760E
QMQDVB1993883,Perftest386,UATTest@890!,PNS3228374851A
QMQZNQ1119468,Perftest387,UATTest@890!,PET8390115379T
QMAKHR1408425,Perftest388,UATTest@890!,PSO5753479015M
QMPXTF1602761,Perftest389,UATTest@890!,PVB4509829178M
QMLOXC1011579,Perftest390,UATTest@890!,PLO3015897501D
QMONJE1646197,Perftest391,UATTest@890!,PEV2237752049G
QMJGVB1510977,Perftest392,UATTest@890!,PSW2208596571M
QMOMHA1257788,Perftest393,UATTest@890!,PKV7157149800G
QMCTQQ1650671,Perftest394,UATTest@890!,PWF4947681846M
QMPUGO1626126,Perftest395,UATTest@890!,PYA0876095526Q
QMQLIZ1920858,Perftest396,UATTest@890!,PYF4304902432Q
QMAFEA1474894,Perftest397,UATTest@890!,PEP5353838518E
QMSFJS1501731,Perftest398,UATTest@890!,PUC7766909951F
QMMQGC1461624,Perftest399,UATTest@890!,POU3821091205F
QMLYTW1871742,Perftest400,UATTest@890!,PIH0285274873H
QMUXUP1222187,Perftest401,UATTest@890!,PHX7338245354I
QMCTYV1220712,Perftest402,UATTest@890!,PXS2003139535A
QMPNBF1228177,Perftest403,UATTest@890!,PKX5592613475R
QMBZDE1279505,Perftest404,UATTest@890!,PXH2613188633U
QMTNUM1683502,Perftest405,UATTest@890!,PRY1483163744F
QMTRJF1937048,Perftest406,UATTest@890!,PCB9817024732Q
QMUVPE1801078,Perftest407,UATTest@890!,PXE4769180318C
QMKRCJ1434709,Perftest408,UATTest@890!,PNG4356192898D
QMGIXN1183674,Perftest409,UATTest@890!,PLF5019574022L
QMKPVE1328948,Perftest410,UATTest@890!,PPK7084547987T
QMXBKC1505942,Perftest411,UATTest@890!,PFD2378924128V
QMMBLA1109357,Perftest412,UATTest@890!,PUB2261166194L
QMIKPT1643908,Perftest413,UATTest@890!,PEE2605050915T
QMGTDN1607817,Perftest414,UATTest@890!,PHX4978014492D
QMQMIJ1772427,Perftest415,UATTest@890!,PUW0016117035Y
QMLWUQ1631983,Perftest416,UATTest@890!,PQX5471890257O
QMQLVR1124132,Perftest417,UATTest@890!,PNT6370231981B
QMWNEH1994576,Perftest418,UATTest@890!,PPI2875028362B
QMQJNP1225516,Perftest419,UATTest@890!,PIO4463941490H
QMDKQB1723305,Perftest420,UATTest@890!,PDR1951823031P
QMRLFX1267951,Perftest421,UATTest@890!,PDD0032279138F
QMQBXI1972365,Perftest422,UATTest@890!,PKE7516972160F
QMBXZK1234928,Perftest423,UATTest@890!,PYM1749576114H
QMUFFI1818701,Perftest424,UATTest@890!,PUM0204014605Y
QMXWRD1752557,Perftest425,UATTest@890!,PKO3846824895R
QMIHGG1183244,Perftest426,UATTest@890!,POI8870578587R
QMHRTY1299070,Perftest427,UATTest@890!,PNN6163056301G
QMSIIP1909024,Perftest428,UATTest@890!,PLS8327059543S
QMBSFA1228365,Perftest429,UATTest@890!,PKU2477485495C
QMXPHD1852120,Perftest430,UATTest@890!,PJU6716781864Y
QMNPZI1547494,Perftest431,UATTest@890!,PHV8722400488M
QMHYVD1143654,Perftest432,UATTest@890!,PSZ8415688728U
QMVUPE1485519,Perftest433,UATTest@890!,PGN6354463756E
QMDCJQ1635143,Perftest434,UATTest@890!,PST6960210113G
QMWZUR1092598,Perftest435,UATTest@890!,PDH1763357559V
QMKHNQ1771981,Perftest436,UATTest@890!,PQT8939579275Q
QMCIIT1973175,Perftest437,UATTest@890!,PGZ8753572793J
QMZCAI1460631,Perftest438,UATTest@890!,PPC6306687994Z
QMKZYW1238197,Perftest439,UATTest@890!,PGX7274663774V
QMBVHP1653331,Perftest440,UATTest@890!,PUX3231203705F
QMFXHA1650286,Perftest441,UATTest@890!,PCL6220178471R
QMUQGT1591094,Perftest442,UATTest@890!,PRU2074619614A
QMBMZX1896757,Perftest443,UATTest@890!,PFN2041781027Y
QMIGDC1238442,Perftest444,UATTest@890!,PHQ1663350712T
QMNGEO1354482,Perftest445,UATTest@890!,PZO9708627332Z
QMSXFM1950935,Perftest446,UATTest@890!,PQS1597321373R
QMBJBS1829684,Perftest447,UATTest@890!,PGP2182600767K
QMYYRE1747866,Perftest448,UATTest@890!,POE1996078902O
QMCJJJ1316050,Perftest449,UATTest@890!,PBW1241617295J
QMPZUJ1955303,Perftest450,UATTest@890!,PAA2142451507P
QMSDGL1778014,Perftest451,UATTest@890!,PZF1671629116E
QMGJKU1911522,Perftest452,UATTest@890!,PAW8211685928R
QMKVQJ1542276,Perftest453,UATTest@890!,PKM7928331640D
QMUSBV1704567,Perftest454,UATTest@890!,PHS0382937371H
QMWBFW1569136,Perftest455,UATTest@890!,PYF1032032791U
QMOBBY1066604,Perftest456,UATTest@890!,PVJ8034154005B
QMCWBN1759555,Perftest457,UATTest@890!,PPL2179643282X
QMGDDW1708153,Perftest458,UATTest@890!,PVW5933697316B
QMZPXR1305537,Perftest459,UATTest@890!,PUF2075279685G
QMICAJ1360121,Perftest460,UATTest@890!,PUJ5613550747Q
QMFNZT1148772,Perftest461,UATTest@890!,PKX8971615527W
QMCVBH1161332,Perftest462,UATTest@890!,PZV0190259091L
QMAEJH1536619,Perftest463,UATTest@890!,PGY5445598034E
QMWWMT1473692,Perftest464,UATTest@890!,PKY0435123684Z
QMSUMF1251689,Perftest465,UATTest@890!,PFN1909579531P
QMPZPO1113349,Perftest466,UATTest@890!,PIT5651907637Q
QMVLDR1988814,Perftest467,UATTest@890!,PHR3774275209H
QMTDRU1858329,Perftest468,UATTest@890!,PHN0793088485E
QMVRRP1647243,Perftest469,UATTest@890!,PTZ5287808953D
QMZORT1197365,Perftest470,UATTest@890!,PBI4843568792J
QMQKGW1495494,Perftest471,UATTest@890!,PAK6685365554R
QMDDQO1025367,Perftest472,UATTest@890!,PLD0805937539P
QMZTVY1336286,Perftest473,UATTest@890!,PEY4671678115C
QMFAWE1703534,Perftest474,UATTest@890!,PCB7767680075Y
QMIBWS1095110,Perftest475,UATTest@890!,PRV6826168584X
QMGFKG1517317,Perftest476,UATTest@890!,PRG3609948006S
QMDMTR1199426,Perftest477,UATTest@890!,PFN7309012322M
QMDKFJ1731044,Perftest478,UATTest@890!,PMC4877369971S
QMCFNS1897114,Perftest479,UATTest@890!,PEH0777975247F
QMMRLQ1527124,Perftest480,UATTest@890!,PVY4437240531O
QMGJBC1863874,Perftest481,UATTest@890!,PFL0581893408C
QMVQYG1168852,Perftest482,UATTest@890!,PBP6428217196V
QMSDUS1810006,Perftest483,UATTest@890!,PTJ5880143859T
QMPOCH1737563,Perftest484,UATTest@890!,PSW7540867960B
QMJIWR1536825,Perftest485,UATTest@890!,PWN2463421344C
QMGHYS1652942,Perftest486,UATTest@890!,PKE2585488577S
QMIIQH1507864,Perftest487,UATTest@890!,PGL1532086830T
QMEKTA1585310,Perftest488,UATTest@890!,PWU9439847188H
QMQLIQ1326408,Perftest489,UATTest@890!,PCC3440896269H
QMLAOX1951846,Perftest490,UATTest@890!,PKL5226523765D
QMBZSG1588328,Perftest491,UATTest@890!,PRR1505289452R
QMHYJH1840664,Perftest492,UATTest@890!,PVK5660278101T
QMKIUK1053527,Perftest493,UATTest@890!,PGL8664509706M
QMGJAZ1156367,Perftest494,UATTest@890!,PBB4851966828Z
QMXTPF1393804,Perftest495,UATTest@890!,PUF1229270104Q
QMFJCO1298354,Perftest496,UATTest@890!,PGC5401463693H
QMIDMO1506322,Perftest497,UATTest@890!,PDJ8203223223P
QMFTTL1943500,Perftest498,UATTest@890!,PZG6330495417B
QMMHAJ1993002,Perftest499,UATTest@890!,PWQ7739549126D
QMLFQH1319929,Perftest501,UATTest@890!,PCS3778911089Z
QMLFQH1319929,Perftest1,UATTest@890!,PGB2875790444Z
QMEJMC1506250,Perftest2,UATTest@890!,PLP7270393647I
QMXXOK1846554,Perftest3,UATTest@890!,PNE1603540700R
QMCLCR1079676,Perftest4,UATTest@890!,PZM9601146654E
QMZNQW1174426,Perftest5,UATTest@890!,PPR4786834132N
QMDRHN1205267,Perftest6,UATTest@890!,PYM6841087507G
QMQUDZ1667431,Perftest7,UATTest@890!,PTO0104634440F
QMJHLC1068582,Perftest8,UATTest@890!,PVZ6931409913E
QMONWC1439117,Perftest9,UATTest@890!,PLM9424946955M
QMJHLC1068582,Perftest10,UATTest@890!,PEX6268976952C
QMXWLG1405871,Perftest11,UATTest@890!,PJH0653839480V
QMYDKJ1848269,Perftest12,UATTest@890!,PQP8871198635G
QMONWC1439117,Perftest13,UATTest@890!,PDY5913600472Y
QMXRHM1984236,Perftest14,UATTest@890!,PPK5882587576D
QMMKQE1282882,Perftest15,UATTest@890!,PGM5464732323H
QMYOKG1537090,Perftest16,UATTest@890!,PRF7104827375V
QMRFMM1624192,Perftest17,UATTest@890!,PBN7648568947V
QMUWCN1496590,Perftest18,UATTest@890!,PAV7140432603U
QMAFPJ1139455,Perftest19,UATTest@890!,PZE7071488273X
QMTBGQ1352571,Perftest20,UATTest@890!,PAO0077741977M
QMEYXA1856521,Perftest21,UATTest@890!,PDC5332075153L
QMBVNC1610600,Perftest22,UATTest@890!,PUG9568172568R
QMEOID1421665,Perftest23,UATTest@890!,PIF7741530158Z
QMLXVT1676040,Perftest24,UATTest@890!,PEI0227919239Z
QMIGPD1086156,Perftest25,UATTest@890!,PPY2275872740F
QMJTSC1684125,Perftest26,UATTest@890!,POG6929164902G
QMNDAG1658073,Perftest27,UATTest@890!,PGE6164497276D
QMIPZY1394639,Perftest28,UATTest@890!,PLJ8412659846A
QMLMUO1822565,Perftest29,UATTest@890!,PCL5720525033A
QMXAZB1229992,Perftest30,UATTest@890!,PSZ6781490238X
QMTWTO1319175,Perftest31,UATTest@890!,PTI2757120761V
QMMGCV1170487,Perftest32,UATTest@890!,PRP1995233000M
QMYEWS1857553,Perftest33,UATTest@890!,PME1759050873V
QMYHYX1295309,Perftest34,UATTest@890!,PSE7852462530B
QMYKTC1248908,Perftest35,UATTest@890!,PUG1131173711X
QMSLQG1395574,Perftest36,UATTest@890!,PAT5557772210C
QMOYMR1125132,Perftest37,UATTest@890!,PBZ4519013002A
QMEYNL1077587,Perftest38,UATTest@890!,PWT2341551230W
QMQDNX1275779,Perftest39,UATTest@890!,PDW8701325163V
QMNFXN1575998,Perftest40,UATTest@890!,PZB3018688002S
QMUFGW1616934,Perftest41,UATTest@890!,PKA5934905224Z
QMWUMF1980981,Perftest42,UATTest@890!,PCT9181201868T
QMKGTI1886330,Perftest43,UATTest@890!,PPP9095506280O
QMXMFG1378132,Perftest44,UATTest@890!,PBY8667050253B
QMRDBH1919913,Perftest45,UATTest@890!,PAG5792605761G
QMMLDI1603646,Perftest46,UATTest@890!,PJF6013093094O
QMOFQZ1091640,Perftest47,UATTest@890!,PMU3972381605I
QMLBQD1294933,Perftest48,UATTest@890!,POS8243232331C
QMMODD1717454,Perftest49,UATTest@890!,PZG4145291031D
QMCDBV1520486,Perftest50,UATTest@890!,PDL8981983638X
QMBKXU1347794,Perftest51,UATTest@890!,PXM7658029172N
QMJKVT1462751,Perftest52,UATTest@890!,PVX2367253563I
QMSKNT1688623,Perftest53,UATTest@890!,PRG1592912474K
QMOEVS1017153,Perftest54,UATTest@890!,PVZ6063138235V
QMAIRW1467551,Perftest55,UATTest@890!,PJM9265546317V
QMKTSZ1325153,Perftest56,UATTest@890!,PSX5946435447P
QMTTBN1764003,Perftest57,UATTest@890!,PTU1850185120G
QMZJNW1637400,Perftest58,UATTest@890!,PAK0114339882I
QMLKVH1417077,Perftest59,UATTest@890!,PUW3163726050X
QMESLN1128991,Perftest60,UATTest@890!,PBJ9836356033W
QMYROK1414520,Perftest61,UATTest@890!,PMC6781283540R
QMELIQ1400731,Perftest62,UATTest@890!,PPJ3683164766D
QMOGDX1982756,Perftest63,UATTest@890!,PTR0471560157L
QMUROB1018421,Perftest64,UATTest@890!,PFN6110442418P
QMGCCE1470853,Perftest65,UATTest@890!,PRN0305220406W
QMBTOL1782257,Perftest66,UATTest@890!,PQW9608981459L
QMBCOI1652662,Perftest67,UATTest@890!,POL8332525170G
QMDYSR1355176,Perftest68,UATTest@890!,PFW6504620637A
QMVHFU1555586,Perftest69,UATTest@890!,PIS5259098294B
QMZNHZ1921297,Perftest70,UATTest@890!,PWA9709053428A
QMGRPY1477607,Perftest71,UATTest@890!,PJR7602858985U
QMDFND1805881,Perftest72,UATTest@890!,PWY2579700193M
QMENMH1970582,Perftest73,UATTest@890!,PWX1930872747S
QMNOPV1362087,Perftest74,UATTest@890!,PKC6039717984S
QMWOVL1189387,Perftest75,UATTest@890!,PDA4524942624X
QMXHLR1224082,Perftest76,UATTest@890!,PJJ8111827406I
QMDLQQ1752790,Perftest77,UATTest@890!,PVJ3030174733R
QMWPOB1304625,Perftest78,UATTest@890!,PQL1322651679T
QMOLZV1657131,Perftest79,UATTest@890!,PXY9473803547K
QMEHQE1846276,Perftest80,UATTest@890!,PFB7264334064N
QMQOXM1081557,Perftest81,UATTest@890!,PQW4513470965Z
QMMBRP1912962,Perftest82,UATTest@890!,PSK5629072135K
QMMTWJ1286551,Perftest83,UATTest@890!,PQG9994461810O
QMOSMA1278110,Perftest84,UATTest@890!,PNP4042748169I
QMEBDM1781109,Perftest85,UATTest@890!,PVN2964455515W
QMLZXX1572162,Perftest86,UATTest@890!,PVZ8750962081X
QMEGCY1872443,Perftest87,UATTest@890!,PBY0772582377O
QMBEOR1956436,Perftest88,UATTest@890!,PWE0435453686L
QMUFMZ1177740,Perftest89,UATTest@890!,PGN9655048671Y
QMLWOJ1888367,Perftest90,UATTest@890!,PLA7689859795P
QMPDBB1029220,Perftest91,UATTest@890!,PWO3164489529P
QMHPDD1203484,Perftest92,UATTest@890!,PVV0455672186K
QMMSNM1499455,Perftest93,UATTest@890!,PUH9662353438M
QMJNEO1633499,Perftest94,UATTest@890!,PIB2443787985K
QMXCMD1221934,Perftest95,UATTest@890!,PME7464500494Y
QMLCTP1016232,Perftest96,UATTest@890!,PJR3434363112N
QMBGCN1651758,Perftest97,UATTest@890!,PIO1087675316H
QMIYSL1749984,Perftest98,UATTest@890!,PDH6007119669P
QMBULR1052273,Perftest99,UATTest@890!,PJN8109845109H
QMUPPQ1427209,Perftest100,UATTest@890!,PBY8008590140D
QMLNGA1718416,Perftest101,UATTest@890!,PKE4950720950H
QMKSAK1356969,Perftest102,UATTest@890!,PQS2374319783K
QMCJZG1754975,Perftest103,UATTest@890!,PXF9666708366A
QMOUGP1807479,Perftest104,UATTest@890!,PPZ4692484066Q
QMVTRK1505572,Perftest105,UATTest@890!,PPT8430936157M
QMLLXB1062198,Perftest106,UATTest@890!,PQG5480468678Z
QMUZYX1371975,Perftest107,UATTest@890!,PFU2180727562K
QMYEHX1078871,Perftest108,UATTest@890!,PHC0761018182X
QMGGVY1110011,Perftest109,UATTest@890!,PHC3766523652S
QMMGNS1551567,Perftest110,UATTest@890!,PIK2419709686V
QMZSAJ1263751,Perftest111,UATTest@890!,PRE7655240791X
QMGPBP1426674,Perftest112,UATTest@890!,PVZ0463514162Z
QMTHSZ1296702,Perftest113,UATTest@890!,PID5321994373L
QMSVFU1770586,Perftest114,UATTest@890!,PDZ6958906613Q
QMCFTX1452528,Perftest115,UATTest@890!,PXU5466107686V
QMZCOS1316751,Perftest116,UATTest@890!,PIJ6267884270P
QMNKYQ1609700,Perftest117,UATTest@890!,PVV9900755118Y
QMYLOJ1017555,Perftest118,UATTest@890!,PRW3961436580C
QMAZOS1238968,Perftest119,UATTest@890!,PAC4632453452T
QMDADL1241671,Perftest120,UATTest@890!,PZP0570609007G
QMPPNU1093460,Perftest121,UATTest@890!,PTQ1474129823S
QMGBZZ1109733,Perftest122,UATTest@890!,PLF2228574852U
QMAYVM1302059,Perftest123,UATTest@890!,PLU7911286654V
QMMMLQ1275985,Perftest124,UATTest@890!,PML8873113353Z
QMNONG1459886,Perftest125,UATTest@890!,PGK2531147638U
QMTODZ1235180,Perftest126,UATTest@890!,PIR7960290085M
QMZUPD1922038,Perftest127,UATTest@890!,PXR9815642772K
QMLGHC1804871,Perftest128,UATTest@890!,PGC6876635094K
QMTVUA1511026,Perftest129,UATTest@890!,PGG2309156431J
QMAYGW1278081,Perftest130,UATTest@890!,PLI7935735384L
QMNNSM1251625,Perftest131,UATTest@890!,PEV4967725977N
QMZZSU1960429,Perftest132,UATTest@890!,PNX8706615114O
QMVVJY1044684,Perftest133,UATTest@890!,PXA0614523074F
QMDNPE1672774,Perftest134,UATTest@890!,PXF1487084849D
QMAUZM1787166,Perftest135,UATTest@890!,PBB3652644381Q
QMVIDQ1851923,Perftest136,UATTest@890!,PEG0818282718L
QMMPVB1605206,Perftest137,UATTest@890!,PSG2571232666M
QMVURT1304032,Perftest138,UATTest@890!,PNR0571162248P
QMYNXF1891606,Perftest139,UATTest@890!,POT8372852677E
QMRRBJ1197920,Perftest140,UATTest@890!,PVX9526014296K
QMTULL1893024,Perftest141,UATTest@890!,PEK1132240114A
QMRIQY1420361,Perftest142,UATTest@890!,PXJ9103218277Z
QMRFBB1113742,Perftest143,UATTest@890!,PTL3509728946E
QMGXYG1696384,Perftest144,UATTest@890!,PCS8570746567W
QMOTES1379354,Perftest145,UATTest@890!,PWQ2312281668X
QMPXMZ1861683,Perftest146,UATTest@890!,PLB2391493242J
QMVDZY1246103,Perftest147,UATTest@890!,PZJ1630322260P
QMOHQU1422970,Perftest148,UATTest@890!,PXW4578030528Z
QMUXMU1799806,Perftest149,UATTest@890!,PKC4728732342D
QMJCWD1118452,Perftest150,UATTest@890!,PDW9761311683F
QMZGNW1403354,Perftest151,UATTest@890!,PFK3173338606H
QMOOPN1212604,Perftest152,UATTest@890!,PUY0263151638N
QMXGGG1689669,Perftest153,UATTest@890!,PSN5060304774Q
QMBSCE1270600,Perftest154,UATTest@890!,POJ7596072568D
QMPHMP1856952,Perftest155,UATTest@890!,PWV8428455708K
QMCDHD1419366,Perftest156,UATTest@890!,PWR8651096329H
QMKLDV1333718,Perftest157,UATTest@890!,PTR6647923526I
QMLIAX1193326,Perftest158,UATTest@890!,PUY6047837824F
QMLARN1284502,Perftest159,UATTest@890!,PLP8868085186K
QMIGYS1245045,Perftest160,UATTest@890!,PNK7307297514P
QMHJLB1125906,Perftest161,UATTest@890!,PJY9088612357O
QMLJUD1030749,Perftest162,UATTest@890!,PYL3124067173P
QMCCUP1319104,Perftest163,UATTest@890!,PBH9659571368P
QMYLJK1539568,Perftest164,UATTest@890!,POB3556326178A
QMPQOK1829096,Perftest165,UATTest@890!,PBI0399519722C
QMWIZO1560835,Perftest166,UATTest@890!,PVU9074294425Y
QMQGFU1639796,Perftest167,UATTest@890!,PTF1154358773B
QMAFRQ1238010,Perftest168,UATTest@890!,PMH2921132750P
QMZCGC1257581,Perftest169,UATTest@890!,PLU0152835208M
QMLIPJ1974201,Perftest170,UATTest@890!,PHN4038255710V
QMHINT1570297,Perftest171,UATTest@890!,PRK6405732284U
QMKVKW1181942,Perftest172,UATTest@890!,PES5588737004A
QMVFAF1504292,Perftest173,UATTest@890!,PLK3551426660I
QMDMFD1849677,Perftest174,UATTest@890!,PHI0883683570R
QMHQRP1026717,Perftest175,UATTest@890!,PUB9378088222B
QMYIGF1628230,Perftest176,UATTest@890!,PYB3919604917G
QMNKXD1361171,Perftest177,UATTest@890!,PTA4681678387I
QMRVMA1085617,Perftest178,UATTest@890!,PDS7021952472P
QMCGAS1144370,Perftest179,UATTest@890!,PGG2301048804C
QMRXJD1707456,Perftest180,UATTest@890!,PEM2540869634U
QMEIQQ1609072,Perftest181,UATTest@890!,PBJ6530862782O
QMLUZU1151675,Perftest182,UATTest@890!,PKF6938655089W
QMMYMX1206488,Perftest183,UATTest@890!,PEG2773353719M
QMGNYW1847479,Perftest184,UATTest@890!,PIC2660504334M
QMKPVT1268710,Perftest185,UATTest@890!,PZV7538182685O
QMMGOX1703687,Perftest186,UATTest@890!,PRC4267435592B
QMDHBA1954841,Perftest187,UATTest@890!,PXQ3915564748O
QMCLEW1785595,Perftest188,UATTest@890!,PQF1821040120Q
QMAYFI1990231,Perftest189,UATTest@890!,PQT4364715269M
QMSYRF1875649,Perftest190,UATTest@890!,PIR6277180026F
QMTWIK1241368,Perftest191,UATTest@890!,PBO2567239828K
QMWQMN1006626,Perftest192,UATTest@890!,PVR2550959371E
QMNTFK1660358,Perftest193,UATTest@890!,PKB6785066898E
QMBAXQ1546636,Perftest194,UATTest@890!,PKD9031061678R
QMYQZR1107173,Perftest195,UATTest@890!,PIS3153134765K
QMSYOG1206259,Perftest196,UATTest@890!,PEI9382547443W
QMOAUE1951468,Perftest197,UATTest@890!,PAB0793621431G
QMMGXY1961639,Perftest198,UATTest@890!,POH2995770784Z
QMSKEG1578741,Perftest199,UATTest@890!,PCG6728792748B
QMVEXB1880694,Perftest200,UATTest@890!,PXU6076491314U
