testuser271@harbingergroup.com,Test_1234
testuser272@harbingergroup.com,Test_1234
testuser273@harbingergroup.com,Test_1234
testuser274@harbingergroup.com,Test_1234
testuser275@harbingergroup.com,Test_1234
testuser276@harbingergroup.com,Test_1234
testuser277@harbingergroup.com,Test_1234
testuser278@harbingergroup.com,Test_1234
testuser279@harbingergroup.com,Test_1234
testuser280@harbingergroup.com,Test_1234
testuser281@harbingergroup.com,Test_1234
testuser282@harbingergroup.com,Test_1234
testuser283@harbingergroup.com,Test_1234
testuser284@harbingergroup.com,Test_1234
testuser285@harbingergroup.com,Test_1234
testuser286@harbingergroup.com,Test_1234
testuser287@harbingergroup.com,Test_1234
testuser288@harbingergroup.com,Test_1234
testuser289@harbingergroup.com,Test_1234
testuser290@harbingergroup.com,Test_1234
testuser291@harbingergroup.com,Test_1234
testuser292@harbingergroup.com,Test_1234
testuser293@harbingergroup.com,Test_1234
testuser294@harbingergroup.com,Test_1234
testuser295@harbingergroup.com,Test_1234
testuser296@harbingergroup.com,Test_1234
testuser297@harbingergroup.com,Test_1234
testuser298@harbingergroup.com,Test_1234
testuser299@harbingergroup.com,Test_1234
testuser300@harbingergroup.com,Test_1234
