testuser1@harbingergroup.com,Test_1234 
testuser2@harbingergroup.com,Test_1234 
testuser3@harbingergroup.com,Test_1234 
testuser4@harbingergroup.com,Test_1234 
testuser5@harbingergroup.com,Test_1234 
testuser6@harbingergroup.com,Test_1234 
testuser7@harbingergroup.com,Test_1234 
testuser8@harbingergroup.com,Test_1234 
testuser9@harbingergroup.com,Test_1234 
testuser10@harbingergroup.com,Test_1234 
testuser11@harbingergroup.com,Test_1234 
testuser12@harbingergroup.com,Test_1234 
testuser13@harbingergroup.com,Test_1234 
testuser14@harbingergroup.com,Test_1234 
testuser15@harbingergroup.com,Test_1234 
testuser16@harbingergroup.com,Test_1234 
testuser17@harbingergroup.com,Test_1234 
testuser18@harbingergroup.com,Test_1234 
testuser19@harbingergroup.com,Test_1234 
testuser20@harbingergroup.com,Test_1234 
testuser21@harbingergroup.com,Test_1234 
testuser22@harbingergroup.com,Test_1234 
testuser23@harbingergroup.com,Test_1234 
testuser24@harbingergroup.com,Test_1234 
testuser25@harbingergroup.com,Test_1234 
testuser26@harbingergroup.com,Test_1234 
testuser27@harbingergroup.com,Test_1234 
testuser28@harbingergroup.com,Test_1234 
testuser29@harbingergroup.com,Test_1234 
testuser30@harbingergroup.com,Test_1234 
testuser31@harbingergroup.com,Test_1234 
testuser32@harbingergroup.com,Test_1234 
testuser33@harbingergroup.com,Test_1234 
testuser34@harbingergroup.com,Test_1234 
testuser35@harbingergroup.com,Test_1234 
testuser36@harbingergroup.com,Test_1234 
testuser37@harbingergroup.com,Test_1234 
testuser38@harbingergroup.com,Test_1234 
testuser39@harbingergroup.com,Test_1234 
testuser40@harbingergroup.com,Test_1234 
testuser41@harbingergroup.com,Test_1234 
testuser42@harbingergroup.com,Test_1234 
testuser43@harbingergroup.com,Test_1234 
testuser44@harbingergroup.com,Test_1234 
testuser45@harbingergroup.com,Test_1234 
testuser46@harbingergroup.com,Test_1234 
testuser47@harbingergroup.com,Test_1234 
testuser48@harbingergroup.com,Test_1234 
testuser49@harbingergroup.com,Test_1234 
testuser50@harbingergroup.com,Test_1234 
testuser51@harbingergroup.com,Test_1234
testuser52@harbingergroup.com,Test_1234
testuser53@harbingergroup.com,Test_1234
testuser54@harbingergroup.com,Test_1234
testuser55@harbingergroup.com,Test_1234
testuser56@harbingergroup.com,Test_1234
testuser57@harbingergroup.com,Test_1234
testuser58@harbingergroup.com,Test_1234
testuser59@harbingergroup.com,Test_1234
testuser60@harbingergroup.com,Test_1234
testuser61@harbingergroup.com,Test_1234
testuser62@harbingergroup.com,Test_1234
testuser63@harbingergroup.com,Test_1234
testuser64@harbingergroup.com,Test_1234
testuser65@harbingergroup.com,Test_1234
testuser66@harbingergroup.com,Test_1234
testuser67@harbingergroup.com,Test_1234
testuser68@harbingergroup.com,Test_1234
testuser69@harbingergroup.com,Test_1234
testuser70@harbingergroup.com,Test_1234
testuser71@harbingergroup.com,Test_1234
testuser72@harbingergroup.com,Test_1234
testuser73@harbingergroup.com,Test_1234
testuser74@harbingergroup.com,Test_1234
testuser75@harbingergroup.com,Test_1234
testuser76@harbingergroup.com,Test_1234
testuser77@harbingergroup.com,Test_1234
testuser78@harbingergroup.com,Test_1234
testuser79@harbingergroup.com,Test_1234
testuser80@harbingergroup.com,Test_1234
testuser81@harbingergroup.com,Test_1234
testuser82@harbingergroup.com,Test_1234
testuser83@harbingergroup.com,Test_1234
testuser84@harbingergroup.com,Test_1234
testuser85@harbingergroup.com,Test_1234
testuser86@harbingergroup.com,Test_1234
testuser87@harbingergroup.com,Test_1234
testuser88@harbingergroup.com,Test_1234
testuser89@harbingergroup.com,Test_1234
testuser90@harbingergroup.com,Test_1234
testuser91@harbingergroup.com,Test_1234
testuser92@harbingergroup.com,Test_1234
testuser93@harbingergroup.com,Test_1234
testuser94@harbingergroup.com,Test_1234
testuser95@harbingergroup.com,Test_1234
testuser96@harbingergroup.com,Test_1234
testuser97@harbingergroup.com,Test_1234
testuser98@harbingergroup.com,Test_1234
testuser99@harbingergroup.com,Test_1234
testuser100@harbingergroup.com,Test_1234
testuser101@harbingergroup.com,Test_1234
testuser102@harbingergroup.com,Test_1234
testuser103@harbingergroup.com,Test_1234
testuser104@harbingergroup.com,Test_1234
testuser105@harbingergroup.com,Test_1234
testuser106@harbingergroup.com,Test_1234
testuser107@harbingergroup.com,Test_1234
testuser108@harbingergroup.com,Test_1234
testuser109@harbingergroup.com,Test_1234
testuser110@harbingergroup.com,Test_1234
testuser111@harbingergroup.com,Test_1234
testuser112@harbingergroup.com,Test_1234
testuser113@harbingergroup.com,Test_1234
testuser114@harbingergroup.com,Test_1234
testuser115@harbingergroup.com,Test_1234
testuser116@harbingergroup.com,Test_1234
testuser117@harbingergroup.com,Test_1234
testuser118@harbingergroup.com,Test_1234
testuser119@harbingergroup.com,Test_1234
testuser120@harbingergroup.com,Test_1234
testuser121@harbingergroup.com,Test_1234
testuser122@harbingergroup.com,Test_1234
testuser123@harbingergroup.com,Test_1234
testuser124@harbingergroup.com,Test_1234
testuser125@harbingergroup.com,Test_1234
testuser126@harbingergroup.com,Test_1234
testuser127@harbingergroup.com,Test_1234
testuser128@harbingergroup.com,Test_1234
testuser129@harbingergroup.com,Test_1234
testuser130@harbingergroup.com,Test_1234
testuser131@harbingergroup.com,Test_1234
testuser132@harbingergroup.com,Test_1234
testuser133@harbingergroup.com,Test_1234
testuser134@harbingergroup.com,Test_1234
testuser135@harbingergroup.com,Test_1234
testuser136@harbingergroup.com,Test_1234
testuser137@harbingergroup.com,Test_1234
testuser138@harbingergroup.com,Test_1234
testuser139@harbingergroup.com,Test_1234
testuser140@harbingergroup.com,Test_1234
testuser141@harbingergroup.com,Test_1234
testuser142@harbingergroup.com,Test_1234
testuser143@harbingergroup.com,Test_1234
testuser144@harbingergroup.com,Test_1234
testuser145@harbingergroup.com,Test_1234
testuser146@harbingergroup.com,Test_1234
testuser147@harbingergroup.com,Test_1234
testuser148@harbingergroup.com,Test_1234
testuser149@harbingergroup.com,Test_1234
testuser150@harbingergroup.com,Test_1234
testuser151@harbingergroup.com,Test_1234
testuser152@harbingergroup.com,Test_1234
testuser153@harbingergroup.com,Test_1234
testuser154@harbingergroup.com,Test_1234
testuser155@harbingergroup.com,Test_1234
testuser156@harbingergroup.com,Test_1234
testuser157@harbingergroup.com,Test_1234
testuser158@harbingergroup.com,Test_1234
testuser159@harbingergroup.com,Test_1234
testuser160@harbingergroup.com,Test_1234
testuser161@harbingergroup.com,Test_1234
testuser162@harbingergroup.com,Test_1234
testuser163@harbingergroup.com,Test_1234
testuser164@harbingergroup.com,Test_1234
testuser165@harbingergroup.com,Test_1234
testuser166@harbingergroup.com,Test_1234
testuser167@harbingergroup.com,Test_1234
testuser168@harbingergroup.com,Test_1234
testuser169@harbingergroup.com,Test_1234
testuser170@harbingergroup.com,Test_1234
testuser171@harbingergroup.com,Test_1234
testuser172@harbingergroup.com,Test_1234
testuser173@harbingergroup.com,Test_1234
testuser174@harbingergroup.com,Test_1234
testuser175@harbingergroup.com,Test_1234
testuser176@harbingergroup.com,Test_1234
testuser177@harbingergroup.com,Test_1234
testuser178@harbingergroup.com,Test_1234
testuser179@harbingergroup.com,Test_1234
testuser180@harbingergroup.com,Test_1234
testuser181@harbingergroup.com,Test_1234
testuser182@harbingergroup.com,Test_1234
testuser183@harbingergroup.com,Test_1234
testuser184@harbingergroup.com,Test_1234
testuser185@harbingergroup.com,Test_1234
testuser186@harbingergroup.com,Test_1234
testuser187@harbingergroup.com,Test_1234
testuser188@harbingergroup.com,Test_1234
testuser189@harbingergroup.com,Test_1234
testuser190@harbingergroup.com,Test_1234
testuser191@harbingergroup.com,Test_1234
testuser192@harbingergroup.com,Test_1234
testuser193@harbingergroup.com,Test_1234
testuser194@harbingergroup.com,Test_1234
testuser195@harbingergroup.com,Test_1234
testuser196@harbingergroup.com,Test_1234
testuser197@harbingergroup.com,Test_1234
testuser198@harbingergroup.com,Test_1234
testuser199@harbingergroup.com,Test_1234
testuser200@harbingergroup.com,Test_1234
testuser201@harbingergroup.com,Test_1234
testuser202@harbingergroup.com,Test_1234
testuser203@harbingergroup.com,Test_1234
testuser204@harbingergroup.com,Test_1234
testuser205@harbingergroup.com,Test_1234
testuser206@harbingergroup.com,Test_1234
testuser207@harbingergroup.com,Test_1234
testuser208@harbingergroup.com,Test_1234
testuser209@harbingergroup.com,Test_1234
testuser210@harbingergroup.com,Test_1234
testuser211@harbingergroup.com,Test_1234
testuser212@harbingergroup.com,Test_1234
testuser213@harbingergroup.com,Test_1234
testuser214@harbingergroup.com,Test_1234
testuser215@harbingergroup.com,Test_1234
testuser216@harbingergroup.com,Test_1234
testuser217@harbingergroup.com,Test_1234
testuser218@harbingergroup.com,Test_1234
testuser219@harbingergroup.com,Test_1234
testuser220@harbingergroup.com,Test_1234
testuser221@harbingergroup.com,Test_1234
testuser222@harbingergroup.com,Test_1234
testuser223@harbingergroup.com,Test_1234
testuser224@harbingergroup.com,Test_1234
testuser225@harbingergroup.com,Test_1234
testuser226@harbingergroup.com,Test_1234
testuser227@harbingergroup.com,Test_1234
testuser228@harbingergroup.com,Test_1234
testuser229@harbingergroup.com,Test_1234
testuser230@harbingergroup.com,Test_1234
testuser231@harbingergroup.com,Test_1234
testuser232@harbingergroup.com,Test_1234
testuser233@harbingergroup.com,Test_1234
testuser234@harbingergroup.com,Test_1234
testuser235@harbingergroup.com,Test_1234
testuser236@harbingergroup.com,Test_1234
testuser237@harbingergroup.com,Test_1234
testuser238@harbingergroup.com,Test_1234
testuser239@harbingergroup.com,Test_1234
testuser240@harbingergroup.com,Test_1234
testuser241@harbingergroup.com,Test_1234
testuser242@harbingergroup.com,Test_1234
testuser243@harbingergroup.com,Test_1234
testuser244@harbingergroup.com,Test_1234
testuser245@harbingergroup.com,Test_1234
testuser246@harbingergroup.com,Test_1234
testuser247@harbingergroup.com,Test_1234
testuser248@harbingergroup.com,Test_1234
testuser249@harbingergroup.com,Test_1234
testuser250@harbingergroup.com,Test_1234
testuser251@harbingergroup.com,Test_1234
testuser252@harbingergroup.com,Test_1234
testuser253@harbingergroup.com,Test_1234
testuser254@harbingergroup.com,Test_1234
testuser255@harbingergroup.com,Test_1234
testuser256@harbingergroup.com,Test_1234
testuser257@harbingergroup.com,Test_1234
testuser258@harbingergroup.com,Test_1234
testuser259@harbingergroup.com,Test_1234
testuser260@harbingergroup.com,Test_1234
testuser261@harbingergroup.com,Test_1234
testuser262@harbingergroup.com,Test_1234
testuser263@harbingergroup.com,Test_1234
testuser264@harbingergroup.com,Test_1234
testuser265@harbingergroup.com,Test_1234
testuser266@harbingergroup.com,Test_1234
testuser267@harbingergroup.com,Test_1234
testuser268@harbingergroup.com,Test_1234
testuser269@harbingergroup.com,Test_1234
testuser270@harbingergroup.com,Test_1234
